{
  "project_info": {
    "project_number": "458252773861",
    "firebase_url": "https://accidentalertdb.firebaseio.com",
    "project_id": "accidentalertdb",
    "storage_bucket": "accidentalertdb.appspot.com"
  },
  "client": [
    {
      "client_info": {
        "mobilesdk_app_id": "1:458252773861:android:34cac5933f1e3bbb58e70c",
        "android_client_info": {
          "package_name": "com.example.myapplication"
        }
      },
      "oauth_client": [
        {
          "client_id": "458252773861-2s1ihm8v49174fsepia0nqedcq98uj9p.apps.googleusercontent.com",
          "client_type": 3
        }
      ],
      "api_key": [
        {
          "current_key": "AIzaSyCfsn5IL3Zc1vny4HsQ_NsAqHe1hCp2ScA"
        }
      ],
      "services": {
        "appinvite_service": {
          "other_platform_oauth_client": [
            {
              "client_id": "458252773861-2s1ihm8v49174fsepia0nqedcq98uj9p.apps.googleusercontent.com",
              "client_type": 3
            }
          ]
        }
      }
    }
  ],
  "configuration_version": "1"
}