{
  "project_info": {
    "project_number": "568117192987",
    "firebase_url": "https://accident-alert-5dffe.firebaseio.com",
    "project_id": "accident-alert-5dffe",
    "storage_bucket": "accident-alert-5dffe.appspot.com"
  },
  "client": [
    {
      "client_info": {
        "mobilesdk_app_id": "1:568117192987:android:eed658581606fb76570bbe",
        "android_client_info": {
          "package_name": "com.example.accidentalert"
        }
      },
      "oauth_client": [
        {
          "client_id": "568117192987-o83ogpcgdrgr65ctqcb0u2hbk7qllojt.apps.googleusercontent.com",
          "client_type": 1,
          "android_info": {
            "package_name": "com.example.accidentalert",
            "certificate_hash": "2ac6713f2e2b2a5f7ba6fef8209c81bf31da89e2"
          }
        },
        {
          "client_id": "568117192987-7ksc24dtil88gpptlgc0a6gg2lh39n1e.apps.googleusercontent.com",
          "client_type": 3
        }
      ],
      "api_key": [
        {
          "current_key": "AIzaSyCtYZ0d9OKsLthe3-RzbM-oiFIlTddBdU8"
        }
      ],
      "services": {
        "appinvite_service": {
          "other_platform_oauth_client": [
            {
              "client_id": "568117192987-7ksc24dtil88gpptlgc0a6gg2lh39n1e.apps.googleusercontent.com",
              "client_type": 3
            }
          ]
        }
      }
    }
  ],
  "configuration_version": "1"
}